city,district,neighborhood,median
台北市,松山區,中崙里,736
台北市,松山區,自強里,613
台北市,松山區,鵬程里,552
台北市,松山區,東榮里,724
台北市,松山區,介壽里,762
台北市,松山區,東勢里,641
台北市,松山區,東光里,596
台北市,松山區,中正里,842
台北市,松山區,復盛里,543
台北市,松山區,復勢里,662
台北市,松山區,美仁里,690
台北市,松山區,吉仁里,651
台北市,松山區,精忠里,769
台北市,松山區,東昌里,714
台北市,松山區,福成里,746
台北市,松山區,中華里,801
台北市,松山區,吉祥里,606
台北市,松山區,新東里,587
台北市,松山區,三民里,629
台北市,松山區,復建里,700
台北市,松山區,敦化里,694
台北市,松山區,安平里,530
台北市,松山區,富錦里,614
台北市,松山區,莊敬里,555
台北市,松山區,新益里,548
台北市,松山區,富泰里,658
台北市,松山區,龍田里,855
台北市,松山區,慈祐里,490
台北市,松山區,復源里,680
台北市,松山區,民福里,526
台北市,松山區,松基里,634
台北市,松山區,新聚里,579
台北市,松山區,民有里,679
台北市,大安區,建安里,705
台北市,大安區,通安里,571
台北市,大安區,民輝里,731
台北市,大安區,德安里,689
台北市,大安區,敦安里,805
台北市,大安區,光明里,924
台北市,大安區,永康里,778
台北市,大安區,福住里,837
台北市,大安區,仁愛里,858
台北市,大安區,義村里,573
台北市,大安區,臥龍里,760
台北市,大安區,通化里,563
台北市,大安區,龍生里,801
台北市,大安區,新龍里,759
台北市,大安區,住安里,586
台北市,大安區,錦泰里,866
台北市,大安區,建倫里,808
台北市,大安區,錦華里,902
台北市,大安區,光武里,651
台北市,大安區,仁慈里,825
台北市,大安區,黎孝里,545
台北市,大安區,民炤里,859
台北市,大安區,昌隆里,725
台北市,大安區,黎和里,627
台北市,大安區,龍雲里,663
台北市,大安區,芳和里,567
台北市,大安區,龍安里,834
台北市,大安區,義安里,766
台北市,大安區,虎嘯里,717
台北市,大安區,龍淵里,801
台北市,大安區,龍坡里,781
台北市,大安區,龍門里,897
台北市,大安區,敦煌里,792
台北市,大安區,群賢里,632
台北市,大安區,車層里,732
台北市,大安區,光信里,705
台北市,大安區,和安里,829
台北市,大安區,正聲里,681
台北市,大安區,誠安里,601
台北市,大安區,華聲里,665
台北市,大安區,臨江里,507
台北市,大安區,龍陣里,675
台北市,大安區,龍圖里,689
台北市,大安區,古莊里,692
台北市,大安區,錦安里,875
台北市,大安區,大學里,695
台北市,大安區,古風里,722
台北市,大安區,全安里,712
台北市,大安區,黎元里,511
台北市,大安區,法治里,575
台北市,大安區,龍泉里,718
台北市,大安區,群英里,596
台北市,大安區,學府里,562
台北市,中正區,南門里,676
台北市,中正區,龍興里,580
台北市,中正區,愛國里,683
台北市,中正區,龍光里,735
台北市,中正區,河堤里,602
台北市,中正區,龍福里,757
台北市,中正區,螢雪里,529
台北市,中正區,永昌里,451
台北市,中正區,文盛里,656
台北市,中正區,忠勤里,366
台北市,中正區,永功里,561
台北市,中正區,螢圃里,586
台北市,中正區,幸市里,786
台北市,中正區,文祥里,824
台北市,中正區,黎明里,650
台北市,中正區,建國里,819
台北市,中正區,光復里,639
台北市,中正區,東門里,773
台北市,中正區,板溪里,583
台北市,中正區,文北里,818
台北市,中正區,梅花里,672
台北市,中正區,廈安里,679
台北市,中正區,網溪里,633
台北市,中正區,林興里,675
台北市,中正區,幸福里,690
台北市,中正區,水源里,626
台北市,中正區,富水里,684
台北市,中正區,頂東里,623
台北市,中正區,新營里,896
台北市,中正區,南福里,864
台北市,中正區,三愛里,737
台北市,萬華區,柳鄉里,396
台北市,萬華區,雙園里,491
台北市,萬華區,糖廍里,488
台北市,萬華區,西門里,522
台北市,萬華區,仁德里,502
台北市,萬華區,新起里,534
台北市,萬華區,日善里,455
台北市,萬華區,菜園里,493
台北市,萬華區,頂碩里,450
台北市,萬華區,福音里,490
台北市,萬華區,華中里,428
台北市,萬華區,青山里,457
台北市,萬華區,新和里,495
台北市,萬華區,新安里,407
台北市,萬華區,富民里,460
台北市,萬華區,富福里,469
台北市,萬華區,綠堤里,378
台北市,萬華區,忠貞里,406
台北市,萬華區,日祥里,459
台北市,萬華區,忠德里,467
台北市,萬華區,孝德里,409
台北市,萬華區,保德里,440
台北市,萬華區,全德里,513
台北市,萬華區,興德里,420
台北市,萬華區,壽德里,484
台北市,萬華區,凌霄里,413
台北市,萬華區,和平里,422
台北市,萬華區,騰雲里,457
台北市,萬華區,榮德里,438
台北市,萬華區,福星里,449
台北市,萬華區,和德里,404
台北市,萬華區,萬壽里,489
台北市,萬華區,銘德里,447
台北市,萬華區,華江里,419
台北市,萬華區,錦德里,442
台北市,萬華區,新忠里,491
台北市,大同區,建泰里,562
台北市,大同區,建明里,499
台北市,大同區,雙連里,526
台北市,大同區,建功里,515
台北市,大同區,景星里,410
台北市,大同區,星明里,569
台北市,大同區,朝陽里,519
台北市,大同區,大有里,508
台北市,大同區,斯文里,447
台北市,大同區,揚雅里,448
台北市,大同區,國順里,388
台北市,大同區,國慶里,545
台北市,大同區,隆和里,504
台北市,大同區,南芳里,508
台北市,大同區,鄰江里,428
台北市,大同區,玉泉里,519
台北市,大同區,光能里,517
台北市,大同區,重慶里,542
台北市,大同區,至聖里,480
台北市,大同區,老師里,467
台北市,大同區,蓬萊里,478
台北市,大同區,民權里,596
台北市,大同區,延平里,469
台北市,大同區,永樂里,529
台北市,大同區,保安里,483
台北市,中山區,聚盛里,462
台北市,中山區,大佳里,449
台北市,中山區,恆安里,597
台北市,中山區,集英里,578
台北市,中山區,正守里,621
台北市,中山區,正義里,494
台北市,中山區,新生里,508
台北市,中山區,松江里,601
台北市,中山區,江山里,572
台北市,中山區,中山里,522
台北市,中山區,成功里,956
台北市,中山區,下埤里,555
台北市,中山區,中原里,598
台北市,中山區,新庄里,432
台北市,中山區,江寧里,639
台北市,中山區,復華里,669
台北市,中山區,興亞里,608
台北市,中山區,朱園里,695
台北市,中山區,中央里,590
台北市,中山區,新福里,487
台北市,中山區,中庄里,485
台北市,中山區,康樂里,547
台北市,中山區,行政里,472
台北市,中山區,聚葉里,524
台北市,中山區,正得里,602
台北市,中山區,中吉里,640
台北市,中山區,新喜里,498
台北市,中山區,埤頭里,536
台北市,中山區,大直里,608
台北市,中山區,劍潭里,572
台北市,中山區,力行里,651
台北市,中山區,朱崙里,634
台北市,中山區,晴光里,529
台北市,中山區,永安里,841
台北市,中山區,圓山里,542
台北市,中山區,民安里,537
台北市,中山區,行孝里,510
台北市,中山區,龍洲里,584
台北市,中山區,行仁里,485
台北市,中山區,朱馥里,524
台北市,中山區,金泰里,874
台北市,中山區,北安里,590
台北市,文山區,景美里,627
台北市,文山區,景行里,634
台北市,文山區,景仁里,692
台北市,文山區,萬有里,643
台北市,文山區,景慶里,543
台北市,文山區,萬隆里,621
台北市,文山區,萬祥里,555
台北市,文山區,萬年里,589
台北市,文山區,萬盛里,580
台北市,文山區,萬和里,702
台北市,文山區,興福里,559
台北市,文山區,興得里,537
台北市,文山區,興豐里,614
台北市,文山區,興旺里,569
台北市,文山區,興光里,595
台北市,文山區,興安里,649
台北市,文山區,興昌里,626
台北市,文山區,興泰里,640
台北市,文山區,興業里,586
台北市,文山區,景東里,574
台北市,文山區,景華里,591
台北市,文山區,興家里,533
台北市,文山區,萬芳里,554
台北市,文山區,木柵里,617
台北市,文山區,博嘉里,594
台北市,文山區,樟腳里,610
台北市,文山區,老泉里,356
台北市,文山區,木新里,495
台北市,文山區,指南里,574
台北市,文山區,華興里,628
台北市,文山區,順興里,523
台北市,文山區,萬興里,607
台北市,文山區,明興里,560
台北市,文山區,明義里,410
台北市,文山區,試院里,611
台北市,文山區,樟新里,609
台北市,文山區,樟林里,543
台北市,文山區,忠順里,638
台北市,文山區,萬美里,528
台北市,文山區,興邦里,586
台北市,文山區,樟樹里,519
台北市,文山區,政大里,935
台北市,文山區,樟文里,598
台北市,南港區,南港里,542
台北市,南港區,三重里,893
台北市,南港區,新富里,465
台北市,南港區,中研里,559
台北市,南港區,鴻福里,554
台北市,南港區,東新里,473
台北市,南港區,西新里,463
台北市,南港區,新光里,487
台北市,南港區,百福里,522
台北市,南港區,玉成里,503
台北市,南港區,成福里,523
台北市,南港區,中南里,440
台北市,南港區,舊莊里,438
台北市,南港區,九如里,491
台北市,南港區,東明里,544
台北市,南港區,合成里,555
台北市,南港區,聯成里,501
台北市,南港區,萬福里,531
台北市,南港區,仁福里,542
台北市,南港區,重陽里,828
台北市,內湖區,紫陽里,622
台北市,內湖區,紫星里,566
台北市,內湖區,湖興里,586
台北市,內湖區,大湖里,670
台北市,內湖區,紫雲里,553
台北市,內湖區,瑞陽里,613
台北市,內湖區,清白里,755
台北市,內湖區,港墘里,613
台北市,內湖區,西湖里,501
台北市,內湖區,石潭里,633
台北市,內湖區,葫洲里,715
台北市,內湖區,五分里,554
台北市,內湖區,內湖里,584
台北市,內湖區,週美里,679
台北市,內湖區,內溝里,488
台北市,內湖區,碧山里,575
台北市,內湖區,瑞光里,560
台北市,內湖區,金龍里,504
台北市,內湖區,行善里,566
台北市,內湖區,湖濱里,657
台北市,內湖區,東湖里,508
台北市,內湖區,樂康里,532
台北市,內湖區,西安里,561
台北市,內湖區,西康里,643
台北市,內湖區,港富里,597
台北市,內湖區,港華里,624
台北市,內湖區,港都里,670
台北市,內湖區,金瑞里,533
台北市,內湖區,湖元里,534
台北市,內湖區,安湖里,593
台北市,內湖區,秀湖里,632
台北市,內湖區,安泰里,498
台北市,內湖區,金湖里,940
台北市,內湖區,康寧里,667
台北市,內湖區,明湖里,603
台北市,內湖區,蘆洲里,423
台北市,內湖區,麗山里,611
台北市,內湖區,寶湖里,1037
台北市,內湖區,南湖里,874
台北市,士林區,仁勇里,483
台北市,士林區,福林里,586
台北市,士林區,福志里,586
台北市,士林區,福德里,559
台北市,士林區,福佳里,570
台北市,士林區,舊佳里,549
台北市,士林區,富光里,415
台北市,士林區,後港里,511
台北市,士林區,前港里,532
台北市,士林區,福中里,527
台北市,士林區,葫蘆里,495
台北市,士林區,福順里,443
台北市,士林區,葫東里,455
台北市,士林區,社新里,424
台北市,士林區,社子里,449
台北市,士林區,永倫里,444
台北市,士林區,翠山里,531
台北市,士林區,福安里,393
台北市,士林區,富洲里,420
台北市,士林區,承德里,550
台北市,士林區,蘭雅里,636
台北市,士林區,德行里,571
台北市,士林區,忠誠里,574
台北市,士林區,三玉里,625
台北市,士林區,芝山里,586
台北市,士林區,岩山里,550
台北市,士林區,義信里,525
台北市,士林區,永福里,665
台北市,士林區,新安里,485
台北市,士林區,公館里,485
台北市,士林區,陽明里,541
台北市,士林區,菁山里,440
台北市,士林區,平等里,463
台北市,士林區,溪山里,380
台北市,士林區,百齡里,500
台北市,士林區,天玉里,663
台北市,士林區,天福里,627
台北市,士林區,天祿里,645
台北市,士林區,天壽里,735
台北市,士林區,東山里,591
台北市,士林區,福華里,453
台北市,士林區,聖山里,645
台北市,士林區,天和里,661
台北市,士林區,明勝里,508
台北市,士林區,社園里,428
台北市,士林區,蘭興里,586
台北市,士林區,天母里,688
台北市,士林區,名山里,592
台北市,士林區,德華里,535
台北市,士林區,天山里,596
台北市,士林區,臨溪里,654
台北市,北投區,湖山里,478
台北市,北投區,永欣里,865
台北市,北投區,泉源里,411
台北市,北投區,一德里,536
台北市,北投區,關渡里,486
台北市,北投區,桃源里,496
台北市,北投區,文化里,569
台北市,北投區,永和里,626
台北市,北投區,立農里,573
台北市,北投區,清江里,469
台北市,北投區,八仙里,534
台北市,北投區,洲美里,453
台北市,北投區,中和里,480
台北市,北投區,開明里,490
台北市,北投區,長安里,501
台北市,北投區,大同里,496
台北市,北投區,福興里,562
台北市,北投區,石牌里,525
台北市,北投區,奇岩里,591
台北市,北投區,稻香里,489
台北市,北投區,中央里,516
台北市,北投區,溫泉里,460
台北市,北投區,立賢里,580
台北市,北投區,中心里,499
台北市,北投區,智仁里,464
台北市,北投區,吉利里,600
台北市,北投區,尊賢里,549
台北市,北投區,東華里,533
台北市,北投區,吉慶里,597
台北市,北投區,中庸里,494
台北市,北投區,秀山里,442
台北市,北投區,建民里,604
台北市,北投區,榮光里,545
台北市,北投區,裕民里,602
台北市,北投區,振華里,596
台北市,北投區,榮華里,698
台北市,北投區,豐年里,438
台北市,北投區,林泉里,496
台北市,北投區,永明里,637
台北市,北投區,文林里,585
台北市,北投區,大屯里,473
台北市,北投區,湖田里,392
台北市,信義區,松友里,585
台北市,信義區,六藝里,535
台北市,信義區,中興里,674
台北市,信義區,永吉里,461
台北市,信義區,敦厚里,613
台北市,信義區,大道里,518
台北市,信義區,安康里,821
台北市,信義區,嘉興里,504
台北市,信義區,五全里,504
台北市,信義區,新仁里,587
台北市,信義區,正和里,664
台北市,信義區,惠安里,508
台北市,信義區,三犁里,638
台北市,信義區,六合里,585
台北市,信義區,泰和里,511
台北市,信義區,西村里,556
台北市,信義區,興隆里,670
台北市,信義區,景新里,641
台北市,信義區,景聯里,508
台北市,信義區,景勤里,523
台北市,信義區,黎順里,560
台北市,信義區,黎平里,543
台北市,信義區,黎忠里,518
台北市,信義區,松隆里,437
台北市,信義區,中坡里,517
台北市,信義區,永春里,534
台北市,信義區,富台里,661
台北市,信義區,長春里,432
台北市,信義區,五常里,524
台北市,信義區,四維里,544
台北市,信義區,雅祥里,550
台北市,信義區,興雅里,544
台北市,信義區,廣居里,632
台北市,信義區,中行里,490
台北市,信義區,四育里,535
台北市,信義區,國業里,618
台北市,信義區,松光里,553
台北市,信義區,大仁里,453
台北市,信義區,雙和里,523
台北市,信義區,黎安里,438
台北市,信義區,三張里,565
新北市,新莊區,海山里,407
新北市,新莊區,全安里,450
新北市,新莊區,文衡里,484
新北市,新莊區,興漢里,450
新北市,新莊區,榮和里,468
新北市,新莊區,文德里,482
新北市,新莊區,文明里,412
新北市,新莊區,中港里,456
新北市,新莊區,頭前里,681
新北市,新莊區,丹鳳里,460
新北市,新莊區,西盛里,479
新北市,新莊區,瓊林里,402
新北市,新莊區,營盤里,377
新北市,新莊區,後港里,394
新北市,新莊區,國泰里,399
新北市,新莊區,立人里,534
新北市,新莊區,恆安里,442
新北市,新莊區,思源里,419
新北市,新莊區,化成里,468
新北市,新莊區,福基里,639
新北市,新莊區,思賢里,428
新北市,新莊區,中美里,448
新北市,新莊區,中和里,391
新北市,新莊區,中泰里,402
新北市,新莊區,立言里,403
新北市,新莊區,立功里,364
新北市,新莊區,立德里,456
新北市,新莊區,豐年里,367
新北市,新莊區,忠孝里,464
新北市,新莊區,立志里,409
新北市,新莊區,中誠里,396
新北市,新莊區,自立里,410
新北市,新莊區,自強里,343
新北市,新莊區,幸福里,363
新北市,新莊區,仁愛里,390
新北市,新莊區,信義里,404
新北市,新莊區,龍鳳里,553
新北市,新莊區,民安里,419
新北市,新莊區,光華里,405
新北市,新莊區,富國里,410
新北市,新莊區,裕民里,392
新北市,新莊區,南港里,408
新北市,新莊區,萬安里,381
新北市,新莊區,八德里,362
新北市,新莊區,民本里,381
新北市,新莊區,光榮里,412
新北市,新莊區,光明里,413
新北市,新莊區,合鳳里,356
新北市,新莊區,雙鳳里,545
新北市,新莊區,和平里,396
新北市,新莊區,自信里,390
新北市,新莊區,全泰里,480
新北市,新莊區,立泰里,448
新北市,新莊區,立基里,506
新北市,新莊區,中宏里,440
新北市,新莊區,中全里,405
新北市,新莊區,中華里,506
新北市,新莊區,中隆里,503
新北市,新莊區,中原里,551
新北市,新莊區,中信里,474
新北市,新莊區,仁義里,355
新北市,新莊區,建福里,384
新北市,新莊區,四維里,371
新北市,新莊區,文聖里,495
新北市,新莊區,福營里,390
新北市,新莊區,後德里,449
新北市,新莊區,建安里,439
新北市,新莊區,龍安里,372
新北市,新莊區,昌平里,666
新北市,新莊區,昌明里,434
新北市,新莊區,成德里,408
新北市,新莊區,福興里,428
新北市,新莊區,昌信里,513
新北市,新莊區,昌隆里,515
新北市,新莊區,中平里,544
新北市,新莊區,立廷里,634
新北市,新莊區,泰豐里,415
新北市,新莊區,富民里,392
新北市,新莊區,龍福里,425
新北市,新莊區,祥鳳里,410
新北市,新莊區,民全里,397
新北市,新莊區,民有里,408
新北市,新莊區,光正里,401
新北市,新莊區,光和里,382
新北市,林口區,東林里,395
新北市,林口區,林口里,386
新北市,林口區,西林里,531
新北市,林口區,湖北里,418
新北市,林口區,菁湖里,537
新北市,林口區,湖南里,715
新北市,林口區,南勢里,865
新北市,林口區,頂福里,381
新北市,林口區,下福里,392
新北市,林口區,嘉寶里,386
新北市,林口區,瑞平里,360
新北市,林口區,太平里,384
新北市,林口區,中湖里,522
新北市,林口區,東勢里,485
新北市,林口區,仁愛里,634
新北市,林口區,麗林里,610
新北市,林口區,麗園里,444
新北市,五股區,興珍里,386
新北市,五股區,更寮里,396
新北市,五股區,集福里,413
新北市,五股區,觀音里,352
新北市,五股區,成州里,385
新北市,五股區,五股里,380
新北市,五股區,五龍里,388
新北市,五股區,德音里,428
新北市,五股區,貿商里,406
新北市,五股區,陸一里,423
新北市,五股區,成功里,444
新北市,五股區,五福里,350
新北市,五股區,成德里,405
新北市,五股區,德泰里,402
新北市,五股區,六福里,358
新北市,五股區,集賢里,373
新北市,五股區,民義里,415
新北市,五股區,成泰里,493
新北市,五股區,水碓里,411
新北市,五股區,福德里,419
新北市,蘆洲區,樓厝里,465
新北市,蘆洲區,保和里,444
新北市,蘆洲區,得勝里,402
新北市,蘆洲區,仁復里,420
新北市,蘆洲區,溪墘里,416
新北市,蘆洲區,中路里,406
新北市,蘆洲區,正義里,666
新北市,蘆洲區,水湳里,440
新北市,蘆洲區,保佑里,392
新北市,蘆洲區,樹德里,401
新北市,蘆洲區,中原里,458
新北市,蘆洲區,恆德里,430
新北市,蘆洲區,光華里,428
新北市,蘆洲區,鷺江里,451
新北市,蘆洲區,南港里,401
新北市,蘆洲區,永樂里,404
新北市,蘆洲區,永康里,416
新北市,蘆洲區,信義里,400
新北市,蘆洲區,玉清里,476
新北市,蘆洲區,復興里,377
新北市,蘆洲區,水河里,400
新北市,蘆洲區,仁愛里,399
新北市,蘆洲區,忠義里,385
新北市,蘆洲區,九芎里,389
新北市,蘆洲區,中華里,433
新北市,蘆洲區,得仁里,404
新北市,蘆洲區,仁德里,403
新北市,蘆洲區,仁義里,470
新北市,蘆洲區,光明里,446
新北市,蘆洲區,保新里,423
新北市,蘆洲區,長安里,369
新北市,蘆洲區,民和里,385
新北市,蘆洲區,忠孝里,411
新北市,蘆洲區,福安里,388
新北市,蘆洲區,永安里,395
新北市,蘆洲區,延平里,418
新北市,蘆洲區,成功里,402
新北市,蘆洲區,永德里,406
新北市,三重區,二重里,360
新北市,三重區,五谷里,457
新北市,三重區,德厚里,389
新北市,三重區,福祉里,488
新北市,三重區,過田里,422
新北市,三重區,溪美里,438
新北市,三重區,厚德里,460
新北市,三重區,慈化里,396
新北市,三重區,永安里,423
新北市,三重區,六合里,393
新北市,三重區,福利里,493
新北市,三重區,永興里,491
新北市,三重區,清和里,500
新北市,三重區,仁德里,383
新北市,三重區,開元里,500
新北市,三重區,大德里,393
新北市,三重區,錦通里,355
新北市,三重區,光華里,478
新北市,三重區,光榮里,422
新北市,三重區,大園里,421
新北市,三重區,長生里,391
新北市,三重區,長安里,371
新北市,三重區,同安里,372
新北市,三重區,光明里,484
新北市,三重區,菜寮里,425
新北市,三重區,大同里,444
新北市,三重區,長泰里,385
新北市,三重區,長元里,383
新北市,三重區,介壽里,385
新北市,三重區,三安里,395
新北市,三重區,文化里,371
新北市,三重區,正義里,401
新北市,三重區,中正里,423
新北市,三重區,仁義里,366
新北市,三重區,長江里,430
新北市,三重區,錦江里,378
新北市,三重區,龍門里,399
新北市,三重區,大安里,360
新北市,三重區,光正里,609
新北市,三重區,重新里,418
新北市,三重區,民生里,367
新北市,三重區,中山里,444
新北市,三重區,國隆里,417
新北市,三重區,重陽里,400
新北市,三重區,幸福里,369
新北市,三重區,福安里,438
新北市,三重區,信安里,415
新北市,三重區,安慶里,361
新北市,三重區,順德里,350
新北市,三重區,承德里,432
新北市,三重區,瑞德里,360
新北市,三重區,崇德里,376
新北市,三重區,尚德里,396
新北市,三重區,培德里,438
新北市,三重區,自強里,386
新北市,三重區,大有里,423
新北市,三重區,頂崁里,459
新北市,三重區,谷王里,505
新北市,三重區,中興里,431
新北市,三重區,成功里,573
新北市,三重區,重明里,526
新北市,三重區,光田里,473
新北市,三重區,田心里,379
新北市,三重區,福隆里,455
新北市,三重區,五常里,441
新北市,三重區,慈生里,387
新北市,三重區,碧華里,630
新北市,三重區,永德里,396
新北市,三重區,永福里,393
新北市,三重區,福星里,484
新北市,三重區,錦安里,386
新北市,三重區,光輝里,379
新北市,三重區,同慶里,419
新北市,三重區,永春里,383
新北市,三重區,中民里,357
新北市,三重區,長福里,425
新北市,三重區,奕壽里,430
新北市,三重區,萬壽里,454
新北市,三重區,中央里,420
新北市,三重區,雙園里,373
新北市,三重區,正安里,417
新北市,三重區,吉利里,397
新北市,三重區,忠孝里,426
新北市,三重區,秀江里,406
新北市,三重區,龍濱里,402
新北市,三重區,平和里,311
新北市,三重區,正德里,360
新北市,三重區,五福里,494
新北市,三重區,富華里,478
新北市,三重區,田安里,425
新北市,三重區,慈惠里,402
新北市,三重區,慈福里,374
新北市,三重區,永盛里,397
新北市,三重區,福民里,388
新北市,三重區,田中里,439
新北市,三重區,永清里,420
新北市,三重區,維德里,399
新北市,三重區,五華里,479
新北市,三重區,永煇里,371
新北市,三重區,三民里,452
新北市,三重區,錦田里,420
新北市,三重區,慈祐里,438
新北市,三重區,六福里,428
新北市,三重區,光陽里,484
新北市,三重區,福田里,394
新北市,三重區,富福里,383
新北市,三重區,仁忠里,394
新北市,三重區,富貴里,585
新北市,三重區,慈愛里,363
新北市,三重區,福德里,439
新北市,三重區,永豐里,392
新北市,三重區,博愛里,419
新北市,三重區,永吉里,403
新北市,三重區,永順里,372
新北市,三重區,永發里,436
新北市,三重區,立德里,381
新北市,三重區,福樂里,397
新北市,三重區,仁華里,452
新北市,三重區,五順里,388
新北市,泰山區,黎明里,424
新北市,泰山區,大科里,429
新北市,泰山區,山腳里,423
新北市,泰山區,楓樹里,442
新北市,泰山區,同榮里,415
新北市,泰山區,義學里,445
新北市,泰山區,明志里,407
新北市,泰山區,貴子里,479
新北市,泰山區,貴和里,412
新北市,泰山區,福泰里,370
新北市,泰山區,同興里,461
新北市,泰山區,義仁里,501
新北市,泰山區,泰友里,413
新北市,泰山區,新明里,369
新北市,泰山區,貴賢里,447
新北市,泰山區,福興里,504
新北市,泰山區,全興里,644
新北市,新店區,張北里,600
新北市,新店區,張南里,598
新北市,新店區,廣明里,555
新北市,新店區,江陵里,577
新北市,新店區,百忍里,493
新北市,新店區,青潭里,447
新北市,新店區,員潭里,463
新北市,新店區,雙坑里,348
新北市,新店區,粗坑里,467
新北市,新店區,屈尺里,400
新北市,新店區,廣興里,352
新北市,新店區,龜山里,384
新北市,新店區,直潭里,411
新北市,新店區,塗潭里,371
新北市,新店區,公崙里,547
新北市,新店區,柴埕里,469
新北市,新店區,雙城里,410
新北市,新店區,頂城里,373
新北市,新店區,下城里,677
新北市,新店區,文中里,524
新北市,新店區,國校里,460
新北市,新店區,新生里,520
新北市,新店區,中興里,525
新北市,新店區,新安里,536
新北市,新店區,文明里,487
新北市,新店區,寶興里,629
新北市,新店區,寶安里,503
新北市,新店區,信義里,524
新北市,新店區,忠孝里,470
新北市,新店區,大鵬里,551
新北市,新店區,大豐里,520
新北市,新店區,明德里,488
新北市,新店區,中山里,830
新北市,新店區,和平里,339
新北市,新店區,仁愛里,477
新北市,新店區,中正里,542
新北市,新店區,美潭里,444
新北市,新店區,德安里,410
新北市,新店區,太平里,455
新北市,新店區,中央里,714
新北市,新店區,百和里,503
新北市,新店區,福德里,469
新北市,新店區,福民里,549
新北市,新店區,百福里,573
新北市,新店區,國豐里,504
新北市,新店區,新德里,505
新北市,新店區,五峯里,533
新北市,新店區,中華里,514
新北市,新店區,忠誠里,533
新北市,新店區,永安里,416
新北市,新店區,新店里,432
新北市,新店區,大同里,529
新北市,新店區,玫瑰里,405
新北市,新店區,日興里,359
新北市,新店區,寶福里,553
新北市,新店區,安和里,485
新北市,新店區,明城里,510
新北市,新店區,吉祥里,432
新北市,新店區,小城里,494
新北市,新店區,香坡里,509
新北市,新店區,建國里,463
新北市,新店區,復興里,424
新北市,新店區,美城里,379
新北市,新店區,安昌里,525
新北市,新店區,長春里,633
新北市,新店區,新和里,432
新北市,新店區,永平里,430
新北市,新店區,達觀里,471
新北市,新店區,華城里,846
新北市,石碇區,石碇里,332
新北市,石碇區,潭邊里,400
新北市,石碇區,烏塗里,390
新北市,石碇區,豐林里,360
新北市,石碇區,隆盛里,387
新北市,石碇區,中民里,347
新北市,石碇區,永定里,323
新北市,石碇區,光明里,369
新北市,石碇區,彭山里,337
新北市,石碇區,豐田里,404
新北市,石碇區,格頭里,322
新北市,石碇區,永安里,320
新北市,深坑區,深坑里,427
新北市,深坑區,萬順里,421
新北市,深坑區,阿柔里,441
新北市,深坑區,昇高里,396
新北市,深坑區,土庫里,379
新北市,深坑區,埔新里,451
新北市,深坑區,萬福里,435
新北市,深坑區,賴仲里,492
新北市,坪林區,坪林里,367
新北市,坪林區,水德里,483
新北市,坪林區,大林里,404
新北市,坪林區,上德里,334
新北市,坪林區,漁光里,410
新北市,坪林區,石𥕢里,339
新北市,坪林區,粗窟里,398
新北市,烏來區,烏來里,437
新北市,烏來區,忠治里,399
新北市,烏來區,孝義里,452
新北市,烏來區,信賢里,383
新北市,烏來區,福山里,393
新北市,板橋區,留侯里,433
新北市,板橋區,流芳里,477
新北市,板橋區,赤松里,577
新北市,板橋區,黃石里,525
新北市,板橋區,挹秀里,584
新北市,板橋區,社後里,435
新北市,板橋區,新埔里,464
新北市,板橋區,江翠里,511
新北市,板橋區,松翠里,471
新北市,板橋區,嵐翠里,435
新北市,板橋區,深丘里,694
新北市,板橋區,埔墘里,462
新北市,板橋區,港嘴里,466
新北市,板橋區,湳興里,482
新北市,板橋區,鄉雲里,532
新北市,板橋區,景星里,490
新北市,板橋區,廣福里,446
新北市,板橋區,溪洲里,417
新北市,板橋區,崑崙里,453
新北市,板橋區,浮洲里,404
新北市,板橋區,中正里,586
新北市,板橋區,中山里,476
新北市,板橋區,復興里,360
新北市,板橋區,自強里,499
新北市,板橋區,國光里,538
新北市,板橋區,新興里,470
新北市,板橋區,福德里,489
新北市,板橋區,和平里,790
新北市,板橋區,仁愛里,419
新北市,板橋區,福星里,540
新北市,板橋區,公舘里,427
新北市,板橋區,新民里,526
新北市,板橋區,振興里,407
新北市,板橋區,光復里,456
新北市,板橋區,香丘里,471
新北市,板橋區,雙玉里,481
新北市,板橋區,福壽里,511
新北市,板橋區,玉光里,470
新北市,板橋區,港尾里,537
新北市,板橋區,民權里,462
新北市,板橋區,建國里,410
新北市,板橋區,百壽里,563
新北市,板橋區,忠誠里,562
新北市,板橋區,幸福里,426
新北市,板橋區,漢生里,543
新北市,板橋區,聯翠里,603
新北市,板橋區,宏翠里,562
新北市,板橋區,華翠里,494
新北市,板橋區,福翠里,391
新北市,板橋區,九如里,435
新北市,板橋區,埤墘里,535
新北市,板橋區,廣新里,415
新北市,板橋區,福丘里,838
新北市,板橋區,廣德里,511
新北市,板橋區,福祿里,511
新北市,板橋區,華興里,522
新北市,板橋區,聚安里,438
新北市,板橋區,龍翠里,497
新北市,板橋區,柏翠里,602
新北市,板橋區,文翠里,471
新北市,板橋區,青翠里,423
新北市,板橋區,香社里,458
新北市,板橋區,大安里,405
新北市,板橋區,東丘里,462
新北市,板橋區,華德里,521
新北市,板橋區,國泰里,532
新北市,板橋區,光華里,480
新北市,板橋區,自立里,421
新北市,板橋區,重慶里,454
新北市,板橋區,港德里,417
新北市,板橋區,忠翠里,702
新北市,板橋區,明翠里,442
新北市,板橋區,滿翠里,382
新北市,板橋區,新翠里,504
新北市,板橋區,溪頭里,606
新北市,板橋區,華江里,672
新北市,板橋區,海山里,570
新北市,板橋區,大豐里,427
新北市,板橋區,吉翠里,400
新北市,板橋區,民族里,646
新北市,板橋區,信義里,437
新北市,板橋區,純翠里,491
新北市,板橋區,長壽里,473
新北市,板橋區,振義里,448
新北市,板橋區,西安里,494
新北市,板橋區,光仁里,457
新北市,板橋區,介壽里,460
新北市,板橋區,仁翠里,399
新北市,板橋區,永安里,485
新北市,板橋區,懷翠里,428
新北市,板橋區,長安里,535
新北市,板橋區,德翠里,497
新北市,板橋區,溪北里,422
新北市,板橋區,華中里,381
新北市,板橋區,僑中里,412
新北市,板橋區,金華里,390
新北市,板橋區,華貴里,419
新北市,板橋區,華東里,676
新北市,板橋區,福安里,531
新北市,板橋區,龍安里,404
新北市,板橋區,香雅里,498
新北市,板橋區,光榮里,442
新北市,板橋區,新生里,456
新北市,板橋區,民安里,461
新北市,板橋區,後埔里,536
新北市,板橋區,五權里,414
新北市,板橋區,華福里,441
新北市,板橋區,大觀里,397
新北市,板橋區,歡園里,409
新北市,板橋區,成和里,522
新北市,板橋區,溪福里,470
新北市,板橋區,堂春里,427
新北市,板橋區,文德里,484
新北市,板橋區,陽明里,455
新北市,板橋區,文化里,482
新北市,板橋區,朝陽里,409
新北市,板橋區,新海里,399
新北市,板橋區,松柏里,463
新北市,板橋區,莒光里,474
新北市,板橋區,文聖里,471
新北市,板橋區,富貴里,494
新北市,板橋區,居仁里,496
新北市,板橋區,正泰里,457
新北市,板橋區,莊敬里,613
新北市,板橋區,民生里,517
新北市,板橋區,東安里,459
新北市,三峽區,三峽里,426
新北市,三峽區,秀川里,408
新北市,三峽區,八張里,394
新北市,三峽區,中埔里,423
新北市,三峽區,礁溪里,423
新北市,三峽區,永舘里,432
新北市,三峽區,鳶山里,415
新北市,三峽區,龍埔里,439
新北市,三峽區,弘道里,364
新北市,三峽區,大埔里,420
新北市,三峽區,嘉添里,336
新北市,三峽區,添福里,408
新北市,三峽區,溪南里,371
新北市,三峽區,溪北里,348
新北市,三峽區,溪東里,347
新北市,三峽區,成福里,312
新北市,三峽區,安坑里,346
新北市,三峽區,竹崙里,343
新北市,三峽區,金圳里,344
新北市,三峽區,五寮里,337
新北市,三峽區,插角里,416
新北市,三峽區,有木里,407
新北市,三峽區,安溪里,403
新北市,三峽區,中正里,363
新北市,三峽區,介壽里,361
新北市,三峽區,二鬮里,360
新北市,三峽區,龍恩里,635
新北市,三峽區,龍學里,711
新北市,鶯歌區,東鶯里,399
新北市,鶯歌區,西鶯里,407
新北市,鶯歌區,南鶯里,428
新北市,鶯歌區,北鶯里,517
新北市,鶯歌區,中鶯里,428
新北市,鶯歌區,建德里,387
新北市,鶯歌區,同慶里,388
新北市,鶯歌區,南靖里,379
新北市,鶯歌區,尖山里,421
新北市,鶯歌區,二橋里,399
新北市,鶯歌區,二甲里,379
新北市,鶯歌區,東湖里,370
新北市,鶯歌區,中湖里,368
新北市,鶯歌區,鳳鳴里,443
新北市,鶯歌區,永昌里,382
新北市,鶯歌區,永吉里,372
新北市,鶯歌區,鳳福里,436
新北市,鶯歌區,大湖里,379
新北市,鶯歌區,建國里,393
新北市,鶯歌區,鳳祥里,375
新北市,樹林區,樹東里,418
新北市,樹林區,彭厝里,364
新北市,樹林區,樹西里,458
新北市,樹林區,坡內里,331
新北市,樹林區,樹北里,466
新北市,樹林區,潭底里,391
新北市,樹林區,獇寮里,370
新北市,樹林區,三多里,371
新北市,樹林區,東山里,353
新北市,樹林區,樂山里,395
新北市,樹林區,東園里,399
新北市,樹林區,西園里,367
新北市,樹林區,南園里,696
新北市,樹林區,北園里,392
新北市,樹林區,柑園里,706
新北市,樹林區,樹南里,425
新北市,樹林區,樹德里,443
新北市,樹林區,樹人里,395
新北市,樹林區,保安里,419
新北市,樹林區,三福里,366
新北市,樹林區,三興里,349
新北市,樹林區,大同里,434
新北市,樹林區,彭福里,425
新北市,樹林區,東陽里,390
新北市,樹林區,東昇里,415
新北市,樹林區,和平里,409
新北市,樹林區,圳福里,395
新北市,樹林區,圳安里,377
新北市,樹林區,樹興里,408
新北市,樹林區,彭興里,349
新北市,樹林區,文林里,419
新北市,樹林區,光興里,365
新北市,樹林區,金寮里,403
新北市,樹林區,中山里,407
新北市,樹林區,山佳里,405
新北市,樹林區,育英里,446
新北市,樹林區,樹福里,525
新北市,樹林區,中華里,382
新北市,樹林區,太順里,356
新北市,樹林區,圳民里,397
新北市,樹林區,圳生里,348
新北市,樹林區,三龍里,348
新北市,中和區,中原里,669
新北市,中和區,平河里,470
新北市,中和區,力行里,542
新北市,中和區,枋寮里,499
新北市,中和區,廟美里,431
新北市,中和區,瓦磘里,511
新北市,中和區,積穗里,507
新北市,中和區,瑞穗里,468
新北市,中和區,灰磘里,402
新北市,中和區,錦和里,447
新北市,中和區,內南里,400
新北市,中和區,外南里,428
新北市,中和區,頂南里,453
新北市,中和區,橫路里,303
新北市,中和區,連和里,537
新北市,中和區,漳和里,525
新北市,中和區,秀山里,475
新北市,中和區,員山里,521
新北市,中和區,安樂里,589
新北市,中和區,壽德里,517
新北市,中和區,新南里,586
新北市,中和區,崇南里,512
新北市,中和區,東南里,441
新北市,中和區,秀明里,488
新北市,中和區,安平里,611
新北市,中和區,景平里,523
新北市,中和區,嘉穗里,424
新北市,中和區,景安里,491
新北市,中和區,連城里,488
新北市,中和區,福美里,423
新北市,中和區,安和里,549
新北市,中和區,中安里,551
新北市,中和區,泰安里,452
新北市,中和區,華南里,503
新北市,中和區,秀峰里,425
新北市,中和區,秀水里,425
新北市,中和區,景南里,421
新北市,中和區,復興里,408
新北市,中和區,和興里,500
新北市,中和區,南山里,566
新北市,中和區,景新里,430
新北市,中和區,景福里,537
新北市,中和區,清穗里,438
新北市,中和區,佳和里,479
新北市,中和區,德穗里,449
新北市,中和區,嘉新里,415
新北市,中和區,建和里,416
新北市,中和區,仁和里,409
新北市,中和區,秀景里,487
新北市,中和區,中正里,403
新北市,中和區,福善里,451
新北市,中和區,福真里,430
新北市,中和區,秀仁里,580
新北市,中和區,忠孝里,399
新北市,中和區,民享里,400
新北市,中和區,民生里,521
新北市,中和區,國光里,444
新北市,中和區,福和里,415
新北市,中和區,秀成里,467
新北市,中和區,秀福里,514
新北市,中和區,華新里,491
新北市,中和區,壽南里,464
新北市,中和區,文元里,420
新北市,中和區,明德里,402
新北市,中和區,信和里,407
新北市,中和區,福祥里,435
新北市,中和區,景文里,557
新北市,中和區,錦昌里,562
新北市,中和區,民安里,474
新北市,中和區,安穗里,467
新北市,中和區,明穗里,494
新北市,中和區,自強里,434
新北市,中和區,正行里,523
新北市,中和區,德行里,628
新北市,中和區,安順里,505
新北市,中和區,宜安里,503
新北市,中和區,秀義里,516
新北市,中和區,秀士里,503
新北市,中和區,興南里,403
新北市,中和區,景本里,443
新北市,中和區,中興里,569
新北市,中和區,吉興里,541
新北市,中和區,福南里,389
新北市,中和區,正南里,418
新北市,中和區,錦盛里,403
新北市,中和區,中山里,486
新北市,中和區,冠穗里,466
新北市,中和區,嘉慶里,434
新北市,中和區,錦中里,454
新北市,中和區,員富里,445
新北市,中和區,民有里,421
新北市,中和區,碧河里,570
新北市,中和區,國華里,453
新北市,土城區,埤塘里,407
新北市,土城區,土城里,412
新北市,土城區,員林里,581
新北市,土城區,貨饒里,493
新北市,土城區,柑林里,596
新北市,土城區,埤林里,485
新北市,土城區,峯廷里,385
新北市,土城區,廷寮里,409
新北市,土城區,清水里,402
新北市,土城區,清化里,371
新北市,土城區,大安里,409
新北市,土城區,永寧里,415
新北市,土城區,祖田里,361
新北市,土城區,頂埔里,423
新北市,土城區,沛陂里,432
新北市,土城區,頂新里,592
新北市,土城區,長風里,418
新北市,土城區,頂福里,413
新北市,土城區,員仁里,382
新北市,土城區,日新里,395
新北市,土城區,瑞興里,448
新北市,土城區,清溪里,443
新北市,土城區,清和里,378
新北市,土城區,永豐里,480
新北市,土城區,日和里,482
新北市,土城區,平和里,381
新北市,土城區,樂利里,423
新北市,土城區,廣福里,458
新北市,土城區,學府里,456
新北市,土城區,延壽里,368
新北市,土城區,安和里,392
新北市,土城區,青雲里,456
新北市,土城區,員福里,394
新北市,土城區,延吉里,360
新北市,土城區,復興里,413
新北市,土城區,裕生里,427
新北市,土城區,員信里,395
新北市,土城區,延和里,448
新北市,土城區,學成里,423
新北市,土城區,永富里,391
新北市,土城區,中正里,431
新北市,土城區,學士里,524
新北市,土城區,明德里,564
新北市,土城區,廣興里,459
新北市,土城區,青山里,416
新北市,土城區,金城里,438
新北市,土城區,延祿里,392
新北市,瑞芳區,龍潭里,419
新北市,瑞芳區,龍鎮里,391
新北市,瑞芳區,龍山里,354
新北市,瑞芳區,龍川里,345
新北市,瑞芳區,龍安里,399
新北市,瑞芳區,柑坪里,347
新北市,瑞芳區,爪峯里,353
新北市,瑞芳區,基山里,316
新北市,瑞芳區,永慶里,308
新北市,瑞芳區,崇文里,239
新北市,瑞芳區,福住里,554
新北市,瑞芳區,頌德里,311
新北市,瑞芳區,瓜山里,425
新北市,瑞芳區,石山里,403
新北市,瑞芳區,新山里,322
新北市,瑞芳區,銅山里,238
新北市,瑞芳區,龍興里,407
新北市,瑞芳區,濓洞里,351
新北市,瑞芳區,吉慶里,356
新北市,瑞芳區,傑魚里,358
新北市,瑞芳區,上天里,330
新北市,瑞芳區,猴硐里,294
新北市,瑞芳區,光復里,315
新北市,瑞芳區,弓橋里,261
新北市,瑞芳區,碩仁里,259
新北市,瑞芳區,海濱里,335
新北市,瑞芳區,深澳里,334
新北市,瑞芳區,鼻頭里,309
新北市,瑞芳區,南雅里,342
新北市,瑞芳區,吉安里,354
新北市,瑞芳區,濓新里,203
新北市,瑞芳區,瑞濱里,362
新北市,瑞芳區,東和里,335
新北市,瑞芳區,新峰里,369
新北市,平溪區,薯榔里,376
新北市,平溪區,白石里,331
新北市,平溪區,菁桐里,367
新北市,平溪區,平溪里,323
新北市,平溪區,石底里,384
新北市,平溪區,嶺腳里,336
新北市,平溪區,東勢里,286
新北市,平溪區,平湖里,347
新北市,平溪區,南山里,334
新北市,平溪區,新寮里,405
新北市,平溪區,十分里,361
新北市,平溪區,望古里,445
新北市,雙溪區,雙溪里,342
新北市,雙溪區,共和里,409
新北市,雙溪區,新基里,392
新北市,雙溪區,魚行里,391
新北市,雙溪區,三港里,421
新北市,雙溪區,牡丹里,355
新北市,雙溪區,三貂里,353
新北市,雙溪區,平林里,386
新北市,雙溪區,上林里,390
新北市,雙溪區,外柑里,354
新北市,雙溪區,長源里,351
新北市,雙溪區,泰平里,405
新北市,貢寮區,貢寮里,374
新北市,貢寮區,雙玉里,424
新北市,貢寮區,龍崗里,363
新北市,貢寮區,吉林里,345
新北市,貢寮區,龍門里,370
新北市,貢寮區,福隆里,373
新北市,貢寮區,福連里,345
新北市,貢寮區,仁里里,345
新北市,貢寮區,真理里,299
新北市,貢寮區,美豐里,311
新北市,貢寮區,和美里,329
新北市,金山區,和平里,355
新北市,金山區,大同里,361
新北市,金山區,豐漁里,282
新北市,金山區,磺港里,297
新北市,金山區,美田里,376
新北市,金山區,五湖里,388
新北市,金山區,重和里,345
新北市,金山區,兩湖里,251
新北市,金山區,六股里,341
新北市,金山區,三界里,331
新北市,金山區,清泉里,324
新北市,金山區,西湖里,357
新北市,金山區,萬壽里,318
新北市,金山區,永興里,350
新北市,金山區,金美里,344
新北市,萬里區,萬里里,364
新北市,萬里區,龜吼里,353
新北市,萬里區,野柳里,355
新北市,萬里區,大鵬里,368
新北市,萬里區,磺潭里,374
新北市,萬里區,雙興里,436
新北市,萬里區,溪底里,364
新北市,萬里區,崁脚里,351
新北市,萬里區,中幅里,351
新北市,萬里區,北基里,316
新北市,淡水區,草東里,403
新北市,淡水區,長庚里,409
新北市,淡水區,清文里,346
新北市,淡水區,鄧公里,546
新北市,淡水區,永吉里,417
新北市,淡水區,協元里,344
新北市,淡水區,民安里,340
新北市,淡水區,新生里,376
新北市,淡水區,文化里,427
新北市,淡水區,油車里,394
新北市,淡水區,沙崙里,400
新北市,淡水區,水碓里,405
新北市,淡水區,北投里,570
新北市,淡水區,崁頂里,556
新北市,淡水區,屯山里,367
新北市,淡水區,中和里,368
新北市,淡水區,水源里,353
新北市,淡水區,忠寮里,425
新北市,淡水區,樹興里,417
新北市,淡水區,埤島里,476
新北市,淡水區,興仁里,377
新北市,淡水區,義山里,361
新北市,淡水區,蕃薯里,390
新北市,淡水區,忠山里,407
新北市,淡水區,賢孝里,363
新北市,淡水區,竿蓁里,543
新北市,淡水區,坪頂里,470
新北市,淡水區,八勢里,639
新北市,淡水區,竹圍里,468
新北市,淡水區,中興里,384
新北市,淡水區,福德里,560
新北市,淡水區,民生里,474
新北市,淡水區,新興里,435
新北市,淡水區,新義里,352
新北市,淡水區,新春里,501
新北市,淡水區,新民里,454
新北市,淡水區,正德里,451
新北市,淡水區,北新里,452
新北市,淡水區,幸福里,381
新北市,淡水區,學府里,383
新北市,淡水區,民權里,523
新北市,淡水區,大庄里,467
新北市,汐止區,仁德里,406
新北市,汐止區,義民里,385
新北市,汐止區,禮門里,452
新北市,汐止區,智慧里,518
新北市,汐止區,信望里,427
新北市,汐止區,橋東里,505
新北市,汐止區,茄苳里,404
新北市,汐止區,保安里,351
新北市,汐止區,保長里,455
新北市,汐止區,鄉長里,379
新北市,汐止區,江北里,389
新北市,汐止區,烘內里,362
新北市,汐止區,拱北里,355
新北市,汐止區,樟樹里,388
新北市,汐止區,北峰里,432
新北市,汐止區,北山里,427
新北市,汐止區,八連里,380
新北市,汐止區,白雲里,454
新北市,汐止區,橫科里,442
新北市,汐止區,東山里,285
新北市,汐止區,新昌里,492
新北市,汐止區,秀峰里,422
新北市,汐止區,復興里,621
新北市,汐止區,長安里,393
新北市,汐止區,福山里,533
新北市,汐止區,宜興里,522
新北市,汐止區,中興里,419
新北市,汐止區,湖光里,533
新北市,汐止區,厚德里,435
新北市,汐止區,忠孝里,450
新北市,汐止區,文化里,519
新北市,汐止區,自強里,530
新北市,汐止區,金龍里,462
新北市,汐止區,福德里,422
新北市,汐止區,興福里,432
新北市,汐止區,康福里,505
新北市,汐止區,忠山里,638
新北市,汐止區,環河里,415
新北市,汐止區,東勢里,646
新北市,汐止區,山光里,451
新北市,汐止區,大同里,478
新北市,汐止區,崇德里,457
新北市,汐止區,湖興里,503
新北市,汐止區,長青里,649
新北市,汐止區,福安里,642
新北市,汐止區,秀山里,488
新北市,汐止區,建成里,509
新北市,汐止區,城中里,546
新北市,汐止區,湖蓮里,678
新北市,汐止區,保新里,402
新北市,三芝區,八賢里,248
新北市,三芝區,埔頭里,305
新北市,三芝區,古庄里,323
新北市,三芝區,新庄里,307
新北市,三芝區,埔坪里,316
新北市,三芝區,茂長里,342
新北市,三芝區,橫山里,361
新北市,三芝區,錫板里,323
新北市,三芝區,後厝里,358
新北市,三芝區,福德里,357
新北市,三芝區,圓山里,330
新北市,三芝區,店子里,343
新北市,三芝區,興華里,383
新北市,石門區,德茂里,319
新北市,石門區,富基里,340
新北市,石門區,老梅里,312
新北市,石門區,山溪里,297
新北市,石門區,石門里,402
新北市,石門區,尖鹿里,319
新北市,石門區,乾華里,361
新北市,石門區,茂林里,370
新北市,石門區,草里里,349
新北市,八里區,龍源里,412
新北市,八里區,米倉里,403
新北市,八里區,大崁里,414
新北市,八里區,埤頭里,394
新北市,八里區,頂罟里,422
新北市,八里區,舊城里,372
新北市,八里區,訊塘里,413
新北市,八里區,荖阡里,386
新北市,八里區,下罟里,350
新北市,八里區,長坑里,384
新北市,永和區,下溪里,570
新北市,永和區,中溪里,498
新北市,永和區,上溪里,462
新北市,永和區,後溪里,609
新北市,永和區,頂溪里,568
新北市,永和區,網溪里,513
新北市,永和區,復興里,537
新北市,永和區,竹林里,489
新北市,永和區,中興里,523
新北市,永和區,店街里,588
新北市,永和區,潭墘里,541
新北市,永和區,水源里,493
新北市,永和區,秀朗里,472
新北市,永和區,大同里,443
新北市,永和區,永成里,430
新北市,永和區,福和里,568
新北市,永和區,豫溪里,513
新北市,永和區,上林里,540
新北市,永和區,新廍里,522
新北市,永和區,和平里,510
新北市,永和區,仁愛里,542
新北市,永和區,前溪里,520
新北市,永和區,永興里,494
新北市,永和區,永安里,599
新北市,永和區,雙和里,563
新北市,永和區,得和里,557
新北市,永和區,大新里,535
新北市,永和區,桂林里,473
新北市,永和區,勵行里,490
新北市,永和區,光復里,529
新北市,永和區,光明里,579
新北市,永和區,信義里,574
新北市,永和區,正興里,494
新北市,永和區,忠義里,405
新北市,永和區,新生里,548
新北市,永和區,河堤里,599
新北市,永和區,民治里,470
新北市,永和區,智光里,451
新北市,永和區,秀和里,512
新北市,永和區,潭安里,541
新北市,永和區,永貞里,527
新北市,永和區,福林里,466
新北市,永和區,安和里,553
新北市,永和區,文化里,486
新北市,永和區,民權里,505
新北市,永和區,民生里,482
新北市,永和區,永福里,548
新北市,永和區,河濱里,517
新北市,永和區,永元里,507
新北市,永和區,秀成里,486
新北市,永和區,秀林里,556
新北市,永和區,秀得里,542
新北市,永和區,民族里,547
新北市,永和區,民本里,609
新北市,永和區,民樂里,566
新北市,永和區,協和里,463
新北市,永和區,保平里,542
新北市,永和區,保安里,593
新北市,永和區,民富里,537
新北市,永和區,秀元里,482
新北市,永和區,永樂里,512
新北市,永和區,保順里,697
